"Date","NSW","VIC","QLD","SA","WA","TAS","NT","ACT"
"10/01/22","1,230,408","925,880","709,133","268,696","302,309","83,996","31,847","79,442"
"11/01/22","1,298,937","982,226","748,053","283,329","327,495","88,657","33,784","83,527"
"12/01/22","1,377,173","1,047,117","795,101","299,773","351,938","93,258","35,404","87,700"
"13/01/22","1,460,326","1,113,186","842,869","317,010","378,338","98,837","37,590","92,080"
"14/01/22","1,543,306","1,180,133","888,909","334,843","405,490","104,650","39,729","96,367"
"15/01/22","1,623,598","1,245,407","933,993","352,105","431,833","109,026","41,666","100,253"
"16/01/22","1,667,819","1,281,561","954,998","362,173","447,693","111,313","42,449","102,922"
"17/01/22","1,688,494","1,302,248","968,907","369,540","456,379","113,738","42,993","104,819"
"18/01/22","1,773,457","1,363,550","1,007,658","385,590","484,478","118,571","44,660","109,252"
"19/01/22","1,852,702","1,422,745","1,050,459","402,249","509,846","123,152","46,601","114,462"
"20/01/22","1,932,894","1,484,213","1,093,798","420,006","537,343","129,761","48,780","119,211"
"21/01/22","2,015,951","1,558,749","1,138,010","439,634","566,190","134,705","50,761","124,962"
"22/01/22","2,096,546","1,631,090","1,179,011","457,691","593,149","139,614","52,511","129,947"
"23/01/22","2,139,311","1,678,666","1,198,204","468,739","608,880","141,737","53,245","133,356"
"24/01/22","2,158,985","1,710,476","1,211,049","475,926","618,526","143,679","53,829","135,827"
"25/01/22","2,238,648","1,780,459","1,250,361","493,140","645,776","148,473","55,461","141,243"
"26/01/22","2,312,892","1,851,392","1,293,877","511,780","672,040","154,032","57,101","146,734"
"27/01/22","2,322,363","1,874,152","1,303,696","516,843","678,978","156,193","57,382","149,323"
"28/01/22","2,395,435","1,937,422","1,346,196","533,339","704,552","160,206","58,947","153,957"
"29/01/22","2,475,507","1,999,264","1,386,946","549,071","729,892","163,657","60,559","158,405"
"30/01/22","2,515,690","2,038,088","1,405,939","557,885","744,655","167,447","61,410","161,344"
"31/01/22","2,531,396","2,060,639","1,416,125","562,819","752,822","168,439","61,851","163,244"
"01/02/22","2,594,189","2,118,428","1,448,508","576,670","780,374","172,644","63,715","168,016"
"02/02/22","2,664,260","2,176,287","1,483,501","591,572","809,962","177,378","65,324","172,836"
"03/02/22","2,731,129","2,238,504","1,523,250","607,349","838,933","182,175","67,097","177,853"
"04/02/22","2,795,501","2,295,785","1,557,389","621,584","868,454","187,015","68,667","182,679"
"05/02/22","2,855,166","2,354,507","1,592,267","635,088","896,039","191,598","70,366","187,369"
"06/02/22","2,877,894","2,389,536","1,606,504","642,872","911,939","193,824","71,031","190,690"
"07/02/22","2,886,740","2,411,193","1,615,611","647,306","920,967","194,448","71,460","192,317"
"08/02/22","2,940,871","2,466,877","1,642,665","658,870","946,147","197,902","73,060","196,983"
"09/02/22","2,999,089","2,520,209","1,673,028","670,402","970,126","202,028","74,371","201,089"
"10/02/22","3,053,156","2,572,942","1,703,608","681,917","994,166","206,137","75,661","204,187"
"11/02/22","3,102,923","2,624,633","1,731,257","692,562","1,017,632","210,354","76,660","207,155"
"12/02/22","3,152,447","2,676,055","1,759,759","703,801","1,041,472","214,081","78,040","209,991"
"13/02/22","3,173,150","2,707,193","1,771,685","709,929","1,056,011","216,046","78,683","212,204"
"14/02/22","3,181,649","2,722,213","1,777,620","712,804","1,063,530","216,215","79,081","213,050"
"15/02/22","3,223,964","2,765,149","1,798,669","721,538","1,084,756","219,121","80,269","215,983"
"16/02/22","3,263,697","2,804,359","1,821,712","730,910","1,104,176","222,796","81,392","218,696"
"17/02/22","3,300,490","2,843,019","1,844,570","740,432","1,124,192","226,564","82,662","221,077"
"18/02/22","3,336,403","2,878,665","1,865,712","749,725","1,144,661","229,103","83,833","223,238"
"19/02/22","3,372,912","2,915,723","1,886,569","758,122","1,164,802","233,306","85,098","225,088"
"20/02/22","3,388,429","2,938,485","1,896,417","763,182","1,178,701","235,079","85,637","226,792"
"21/02/22","3,394,672","2,950,920","1,900,410","765,528","1,185,882","235,243","85,958","227,648"
"22/02/22","3,425,896","2,984,320","1,918,123","773,405","1,206,450","239,519","86,991","229,574"
"23/02/22","3,456,145","3,014,793","1,936,995","780,657","1,224,727","241,987","87,802","231,452"
"24/02/22","3,483,120","3,042,823","1,953,591","788,145","1,243,467","244,686","88,754","232,993"
"25/02/22","3,509,499","3,071,162","1,970,134","795,396","1,262,388","247,464","89,695","234,382"
"26/02/22","3,537,228","3,098,162","1,984,679","802,337","1,282,518","249,912","90,632","235,700"
"27/02/22","3,549,424","3,113,792","1,990,740","806,550","1,295,131","251,171","91,088","236,897"
"28/02/22","3,554,291","3,121,503","1,992,700","808,560","1,302,118","251,990","91,252","237,285"
"01/03/22","3,578,313","3,144,065","2,001,857","815,096","1,320,430","253,965","92,196","238,712"
"02/03/22","3,598,019","3,163,250","2,012,516","820,300","1,336,046","255,508","93,010","240,370"
"03/03/22","3,616,347","3,180,921","2,022,721","825,912","1,351,394","257,913","93,915","241,352"
"04/03/22","3,634,479","3,198,855","2,032,937","831,006","1,365,973","260,258","94,859","242,170"
"05/03/22","3,654,339","3,217,289","2,044,034","836,272","1,381,166","261,988","95,728","243,104"
"06/03/22","3,663,289","3,228,371","2,049,111","839,202","1,389,604","262,826","96,153","243,761"
"07/03/22","3,666,577","3,233,317","2,051,621","840,505","1,393,479","262,933","96,310","243,996"
"08/03/22","3,682,982","3,249,776","2,060,552","844,936","1,396,152","264,496","97,042","245,032"
"09/03/22","3,696,513","3,264,820","2,070,045","848,941","1,408,170","266,270","97,806","245,786"
"10/03/22","3,710,622","3,279,674","2,078,981","852,917","1,418,979","267,906","98,570","246,391"
"11/03/22","3,724,779","3,294,632","2,088,715","856,832","1,429,061","269,716","99,493","247,007"
"12/03/22","3,742,111","3,311,276","2,098,808","861,420","1,440,062","271,365","100,634","247,897"
"13/03/22","3,749,872","3,321,303","2,103,793","863,906","1,446,259","272,034","100,912","248,357"
"14/03/22","3,752,553","3,325,596","2,106,232","865,044","1,448,981","272,087","101,070","248,784"
"15/03/22","3,767,434","3,330,008","2,113,915","865,914","1,459,046","272,328","101,701","249,069"
"16/03/22","3,781,671","3,343,952","2,122,762","869,867","1,467,924","273,635","102,412","249,788"
"17/03/22","3,795,817","3,356,129","2,131,205","873,345","1,476,066","275,329","103,025","250,594"
"18/03/22","3,810,304","3,367,920","2,139,853","876,797","1,484,039","276,995","103,768","251,196"
"19/03/22","3,825,920","3,380,667","2,149,039","880,418","1,492,077","278,811","104,441","251,859"
"20/03/22","3,833,017","3,387,977","2,153,520","882,737","1,496,954","279,980","104,714","252,304"
"21/03/22","3,835,945","3,391,696","2,155,473","883,784","1,499,140","280,051","104,849","252,742"
"22/03/22","3,849,302","3,403,201","2,162,971","887,026","1,506,342","281,315","105,374","253,308"
"23/03/22","3,862,172","3,414,264","2,171,905","890,126","1,512,891","282,900","105,830","254,030"
"24/03/22","3,873,508","3,424,539","2,179,999","893,255","1,519,447","284,838","106,521","254,644"
"25/03/22","3,886,071","3,435,515","2,188,452","896,681","1,525,653","286,260","107,152","255,167"
"26/03/22","3,899,612","3,447,157","2,197,491","900,117","1,531,758","287,950","107,768","255,899"
"27/03/22","3,905,914","3,453,465","2,201,907","902,231","1,535,360","288,539","108,042","256,409"
"28/03/22","3,908,472","3,456,613","2,204,122","903,201","1,536,959","288,633","108,148","256,724"
"29/03/22","3,919,989","3,467,327","2,211,337","906,360","1,542,609","289,856","108,713","257,310"
"30/03/22","3,930,912","3,476,406","2,218,753","908,914","1,547,765","291,068","109,268","257,910"
"31/03/22","3,940,870","3,484,417","2,226,763","911,507","1,552,615","292,424","109,811","258,458"
"01/04/22","3,951,224","3,491,372","2,234,026","914,024","1,557,645","293,251","110,373","258,836"
"02/04/22","3,961,965","3,498,249","2,240,717","916,529","1,562,824","294,420","111,102","259,344"
"03/04/22","3,966,543","3,502,069","2,243,705","917,994","1,565,505","294,552","111,362","259,697"
"04/04/22","3,968,368","3,503,595","2,245,100","918,534","1,566,635","294,619","111,490","259,867"
"05/04/22","3,977,785","3,510,130","2,250,537","920,536","1,571,367","295,574","111,962","260,276"
"06/04/22","3,986,869","3,515,911","2,256,289","922,707","1,575,500","296,300","112,384","260,635"
"07/04/22","3,995,859","3,521,699","2,261,582","924,579","1,579,327","297,071","112,904","260,945"
"08/04/22","4,004,924","3,526,987","2,266,582","926,650","1,583,267","297,877","113,470","261,297"
"09/04/22","4,014,194","3,532,330","2,271,952","928,668","1,587,059","298,800","114,001","261,696"
"10/04/22","4,017,257","3,535,061","2,274,171","929,697","1,588,866","298,905","114,260","261,946"
"11/04/22","4,018,709","3,536,665","2,275,317","930,333","1,589,962","298,908","114,356","262,141"
"12/04/22","4,030,925","3,542,416","2,279,963","932,151","1,594,112","299,853","114,900","262,498"
"13/04/22","4,040,241","3,547,214","2,284,661","933,707","1,597,826","300,564","115,429","262,879"
"14/04/22","4,047,125","3,551,778","2,288,968","935,426","1,601,723","301,161","116,036","263,174"
"15/04/22","4,053,985","3,556,662","2,293,539","937,326","1,605,940","301,777","116,851","263,499"
"16/04/22","4,054,535","3,557,386","2,293,826","937,413","1,606,204","301,799","116,875","263,651"
"17/04/22","4,055,489","3,558,372","2,294,613","937,884","1,607,733","301,926","117,083","263,712"
"18/04/22","4,055,755","3,558,663","2,294,839","938,100","1,608,299","301,937","117,100","263,743"
"19/04/22","4,056,449","3,559,345","2,295,236","938,257","1,608,999","302,142","117,102","263,764"
"20/04/22","4,062,100","3,563,915","2,298,803","939,677","1,613,154","302,579","118,166","264,008"
"21/04/22","4,067,388","3,568,249","2,302,365","941,161","1,616,754","303,123","119,473","264,301"
"22/04/22","4,072,685","3,572,209","2,305,997","942,529","1,620,350","303,613","121,018","264,585"
"23/04/22","4,078,131","3,576,391","2,309,310","943,959","1,623,676","304,182","122,238","264,860"
"24/04/22","4,080,707","3,578,679","2,310,651","944,699","1,625,465","304,291","122,713","265,033"
"25/04/22","4,081,741","3,579,687","2,311,441","945,080","1,626,555","304,336","122,995","265,144"
"26/04/22","4,082,266","3,580,296","2,311,727","945,162","1,626,858","304,355","123,007","265,218"
"27/04/22","4,086,769","3,583,670","2,314,714","946,363","1,630,585","304,853","123,783","265,401"
"28/04/22","4,090,888","3,586,880","2,317,569","947,651","1,633,500","305,423","124,244","265,606"
"29/04/22","4,095,098","3,590,050","2,320,380","948,797","1,636,413","305,822","124,684","265,829"
"30/04/22","4,099,639","3,593,401","2,323,131","950,100","1,639,166","306,353","125,012","266,076"
"01/05/22","4,101,723","3,595,270","2,324,197","950,760","1,640,611","306,471","125,126","266,219"
"02/05/22","4,102,201","3,596,127","2,324,770","951,045","1,641,272","306,508","125,145","266,343"
"03/05/22","4,106,265","3,599,072","2,325,081","951,984","1,644,027","306,882","125,173","266,528"
"04/05/22","4,110,139","3,601,877","2,327,542","952,914","1,646,502","307,255","125,552","266,749"
"05/05/22","4,113,798","3,604,642","2,330,042","954,020","1,648,301","307,645","125,759","266,949"
"06/05/22","4,117,413","3,607,313","2,332,421","955,048","1,651,016","307,996","126,015","267,153"
"07/05/22","4,121,236","3,610,137","2,334,858","955,953","1,653,186","308,316","126,224","267,399"
"08/05/22","4,122,628","3,611,675","2,335,655","956,510","1,654,165","308,412","126,305","267,469"
"09/05/22","4,123,149","3,612,244","2,336,068","956,695","1,654,649","308,427","126,309","267,495"
"10/05/22","4,126,577","3,614,926","2,338,248","957,640","1,656,895","308,711","126,529","267,634"
"11/05/22","4,129,929","3,617,526","2,340,544","958,586","1,659,143","309,015","126,776","267,856"
"12/05/22","4,133,182","3,620,071","2,342,810","959,769","1,661,097","309,317","126,970","268,029"
"13/05/22","4,136,521","3,622,719","2,345,095","960,848","1,663,156","309,605","127,205","268,170"
"14/05/22","4,140,067","3,625,209","2,347,029","961,917","1,665,061","309,870","127,407","268,732"
"15/05/22","4,141,192","3,626,635","2,347,776","962,580","1,666,054","310,006","127,491","268,792"
"16/05/22","4,141,964","3,627,230","2,348,208","962,856","1,666,562","310,058","127,495","268,826"
"17/05/22","4,145,125","3,629,815","2,350,187","963,876","1,668,411","310,311","127,696","269,120"
"18/05/22","4,148,039","3,632,181","2,352,238","964,850","1,670,147","310,674","127,899","269,285"
"19/05/22","4,151,115","3,634,912","2,354,371","965,918","1,671,834","310,926","128,091","269,471"
"20/05/22","4,154,363","3,637,494","2,356,280","966,909","1,673,583","311,185","128,265","269,655"
"21/05/22","4,157,455","3,640,052","2,358,305","967,925","1,675,144","311,403","128,417","269,863"
"22/05/22","4,158,609","3,641,208","2,358,804","968,397","1,675,759","311,460","128,459","269,994"
"23/05/22","4,159,188","3,641,801","2,359,135","968,613","1,676,141","311,508","128,474","270,082"
"24/05/22","4,162,050","3,644,088","2,360,803","969,476","1,677,657","311,733","128,634","270,201"
"25/05/22","4,164,862","3,646,394","2,362,774","970,334","1,679,127","311,983","128,832","270,349"
"26/05/22","4,167,563","3,648,650","2,364,767","971,283","1,680,444","312,220","128,984","270,527"
"27/05/22","4,170,177","3,651,099","2,366,549","972,418","1,681,909","312,486","129,168","270,636"
"28/05/22","4,173,393","3,653,339","2,368,338","973,508","1,683,070","312,768","129,319","270,870"
"29/05/22","4,174,687","3,654,543","2,369,015","974,209","1,683,692","312,849","129,371","270,987"
"30/05/22","4,175,131","3,655,149","2,369,392","974,523","1,684,022","312,900","129,376","271,096"
"31/05/22","4,178,072","3,657,344","2,371,048","975,421","1,685,397","313,171","129,560","271,187"
"01/06/22","4,180,957","3,659,567","2,372,746","976,285","1,686,736","313,399","129,742","271,318"
"02/06/22","4,183,969","3,661,776","2,374,453","977,102","1,687,899","313,601","129,833","271,536"
"03/06/22","4,186,859","3,664,015","2,376,112","977,907","1,689,047","313,801","129,925","271,667"
"04/06/22","4,189,724","3,666,182","2,377,851","978,743","1,689,990","313,986","130,085","271,788"
"05/06/22","4,190,760","3,667,314","2,378,525","979,204","1,690,406","314,098","130,130","271,851"
"06/06/22","4,191,351","3,667,761","2,378,830","979,411","1,690,594","314,135","130,133","271,885"
"07/06/22","4,194,034","3,669,747","2,380,268","980,132","1,690,620","314,324","130,232","271,977"
"08/06/22","4,196,664","3,671,852","2,381,970","980,949","1,691,500","314,577","130,345","272,110"
"09/06/22","4,199,324","3,673,719","2,383,340","981,783","1,692,318","314,736","130,469","272,229"
"10/06/22","4,207,300","3,680,014","2,387,816","983,299","1,694,791","315,223","130,814","272,633"
"11/06/22","4,209,735","3,681,992","2,389,183","984,071","1,695,442","315,387","130,924","272,780"
"12/06/22","4,210,838","3,682,949","2,389,675","984,491","1,695,756","315,485","130,988","272,844"
"13/06/22","4,211,456","3,683,355","2,389,998","984,699","1,695,889","315,521","130,997","272,870"
"14/06/22","4,211,756","3,683,661","2,391,275","984,739","1,696,493","315,556","130,990","272,898"
"15/06/22","4,208,947","3,681,383","2,389,746","984,710","1,695,297","315,406","130,823","272,734"
"16/06/22","4,211,291","3,683,234","2,391,113","985,404","1,695,911","315,598","130,886","272,839"
"17/06/22","4,213,574","3,685,024","2,392,476","986,239","1,696,550","315,768","130,949","272,975"
"18/06/22","4,216,066","3,686,721","2,393,778","986,957","1,697,194","315,948","131,003","273,091"
"19/06/22","4,217,105","3,687,590","2,394,261","987,340","1,697,501","316,047","131,035","273,144"
"20/06/22","4,217,609","3,687,935","2,394,529","987,507","1,697,605","316,077","131,032","273,169"
"21/06/22","4,219,832","3,689,595","2,395,758","988,218","1,698,228","316,253","131,084","273,278"
"22/06/22","4,222,149","3,691,249","2,397,153","988,919","1,698,920","316,446","131,141","273,401"
"23/06/22","4,224,299","3,692,815","2,398,479","989,701","1,699,528","316,649","131,208","273,490"
"24/06/22","4,226,792","3,694,475","2,399,859","990,453","1,700,083","316,825","131,240","273,591"
"25/06/22","4,229,099","3,695,938","2,401,113","991,219","1,700,681","317,007","131,308","273,677"
"26/06/22","4,229,996","3,696,656","2,401,560","991,626","1,700,947","317,101","131,323","273,722"
"27/06/22","4,230,563","3,697,000","2,401,773","991,789","1,701,063","317,144","131,330","273,745"
"28/06/22","4,232,871","3,698,522","2,402,975","992,449","1,701,523","317,287","131,375","273,885"
"29/06/22","4,235,046","3,700,132","2,404,356","993,126","1,702,058","317,456","131,416","273,998"
"30/06/22","4,237,342","3,701,588","2,405,590","993,876","1,702,545","317,636","131,458","274,108"
"01/07/22","4,239,419","3,703,053","2,406,978","994,716","1,703,073","317,801","131,510","274,212"
"02/07/22","4,241,220","3,704,499","2,408,224","995,368","1,703,589","317,983","131,536","274,312"
"03/07/22","4,242,008","3,705,084","2,408,631","995,676","1,703,815","318,046","131,539","274,368"
"04/07/22","4,242,247","3,705,354","2,408,814","995,784","1,703,964","318,094","131,547","274,387"
"05/07/22","4,244,307","3,706,749","2,410,040","996,336","1,704,443","318,226","131,566","274,487"
"06/07/22","4,246,858","3,708,302","2,411,547","996,982","1,704,995","318,375","131,616","274,597"
"07/07/22","4,249,506","3,709,910","2,413,176","997,710","1,705,534","318,552","131,633","274,714"
"08/07/22","4,252,461","3,711,583","2,415,132","998,398","1,706,182","318,735","131,678","274,829"
"09/07/22","4,255,775","3,713,331","2,417,181","999,191","1,706,697","318,937","131,711","274,962"
"10/07/22","4,256,844","3,714,099","2,417,812","999,610","1,706,962","318,987","131,727","275,027"
"11/07/22","4,257,295","3,714,416","2,418,129","999,738","1,707,066","319,019","131,727","275,042"
"12/07/22","4,260,494","3,716,155","2,419,840","1,000,364","1,707,501","319,192","131,750","275,183"
"13/07/22","4,264,003","3,718,124","2,421,979","1,001,138","1,708,149","319,367","131,789","275,320"
"14/07/22","4,267,370","3,720,189","2,424,200","1,001,998","1,708,780","319,566","131,841","275,464"
"15/07/22","4,270,883","3,722,346","2,426,281","1,002,885","1,709,472","319,755","131,902","275,617"
"16/07/22","4,274,457","3,724,462","2,428,355","1,003,678","1,710,052","319,989","131,933","275,743"
"17/07/22","4,276,092","3,725,528","2,429,068","1,004,036","1,710,347","320,085","131,947","275,835"
"18/07/22","4,276,930","3,725,872","2,429,455","1,004,203","1,710,484","320,170","131,944","275,846"
"19/07/22","4,280,556","3,727,846","2,431,458","1,004,903","1,711,109","320,365","131,977","275,977"
"20/07/22","4,283,814","3,729,947","2,433,766","1,005,709","1,711,765","320,538","132,036","276,115"
"21/07/22","4,286,968","3,732,089","2,436,088","1,006,584","1,712,410","320,738","132,082","276,227"
"22/07/22","4,290,250","3,734,209","2,438,383","1,007,470","1,713,124","320,947","132,174","276,394"
"23/07/22","4,293,538","3,736,377","2,440,680","1,008,294","1,713,671","321,166","132,182","276,525"
"24/07/22","4,295,088","3,737,336","2,441,431","1,008,627","1,713,894","321,272","132,161","276,607"
"25/07/22","4,295,655","3,737,628","2,441,751","1,008,773","1,714,031","321,328","132,160","276,629"
"26/07/22","4,298,644","3,739,444","2,443,658","1,009,484","1,714,557","321,511","132,182","276,782"
"27/07/22","4,301,672","3,741,318","2,445,843","1,010,179","1,715,152","321,707","132,252","276,957"
"28/07/22","4,304,411","3,743,179","2,447,833","1,010,882","1,715,674","321,933","132,285","277,082"
"29/07/22","4,307,367","3,744,878","2,449,521","1,011,532","1,716,192","322,085","132,338","277,245"
"30/07/22","4,309,918","3,746,735","2,451,195","1,012,189","1,716,571","322,274","132,383","277,358"
"31/07/22","4,311,073","3,747,439","2,451,724","1,012,468","1,716,523","322,400","132,364","277,399"
"01/08/22","4,311,490","3,747,753","2,451,990","1,012,594","1,716,630","322,470","132,360","277,441"
"02/08/22","4,313,662","3,749,097","2,453,472","1,013,125","1,717,095","322,616","132,351","277,588"
"03/08/22","4,315,739","3,750,490","2,454,905","1,013,574","1,717,524","322,775","132,405","277,721"
"04/08/22","4,317,693","3,751,872","2,456,361","1,014,002","1,717,875","322,899","132,431","277,843"
"05/08/22","4,319,768","3,753,076","2,457,652","1,014,442","1,718,197","323,010","132,476","277,956"
"06/08/22","4,319,768","3,753,076","2,457,652","1,014,442","1,718,197","323,010","132,476","277,956"
"07/08/22","4,319,768","3,753,076","2,457,652","1,014,442","1,718,197","323,010","132,476","277,956"
"08/08/22","4,322,745","3,755,109","2,459,276","1,015,103","1,718,609","323,139","132,474","278,119"
"09/08/22","4,324,521","3,756,224","2,460,211","1,015,506","1,718,961","323,246","132,476","278,196"
"10/08/22","4,326,154","3,757,383","2,461,312","1,015,863","1,719,238","323,358","132,474","278,278"
"11/08/22","4,328,049","3,758,382","2,462,053","1,016,236","1,719,502","323,539","132,491","278,350"
"12/08/22","4,329,583","3,759,359","2,462,921","1,016,582","1,719,771","323,667","132,489","278,408"
"13/08/22","4,329,583","3,759,359","2,462,921","1,016,582","1,719,771","323,667","132,489","278,408"
"14/08/22","4,329,583","3,759,359","2,462,921","1,016,582","1,719,771","323,667","132,489","278,408"
"15/08/22","4,331,890","3,760,854","2,464,400","1,017,188","1,720,168","323,797","132,516","278,475"
"16/08/22","4,333,392","3,761,679","2,465,123","1,017,506","1,720,536","323,926","132,546","278,547"
"17/08/22","4,334,854","3,762,593","2,466,018","1,017,804","1,720,865","324,015","132,570","278,625"
"18/08/22","4,336,499","3,763,497","2,467,005","1,018,143","1,721,206","324,100","132,610","278,715"
"19/08/22","4,337,805","3,764,293","2,467,795","1,018,419","1,721,385","324,177","132,655","278,738"
"20/08/22","4,337,805","3,764,293","2,467,795","1,018,419","1,721,385","324,177","132,655","278,738"
"21/08/22","4,337,805","3,764,293","2,467,795","1,018,419","1,721,385","324,177","132,655","278,738"
"22/08/22","4,339,857","3,765,198","2,469,006","1,018,919","1,721,788","324,301","132,645","278,851"
